{
    "_comment": "Configuration of logging module",
    "LOGGING_DIC": {
        "version": 1.0,
        "disable_existing_loggers": false,
        "_comment_format": "Format of logging",
        "formatters": {
            "standard": {
                "format": "%(asctime)s %(threadName)s:%(thread)d [%(name)s] %(levelname)s [%(pathname)s:% (lineno)d] %(message)s",
                "datefmt": "%Y-%m-%d %H:%M:%S"
            },
            "simple": {
                "format": "%(asctime)s [%(name)s] %(levelname)s %(message)s",
                "datefmt": "%Y-%m-%d %H:%M:%S"
            },
            "test": {
                "format": "%(asctime)s %(message)s"
            }
        },
        "filters": {

        },
        "_comment_handler": "Log processor",
        "handlers": {
            "console_debug_handler": {
                "level": "DEBUG",
                "class": "logging.StreamHandler",
                "formatter": "simple"
            },
            "file_info_handler": {
                "level": "INFO",
                "class": "logging.handlers.RotatingFileHandler",
                "filename": "user_info.log",
                "maxBytes": 10485760,
                "backupCount": 10,
                "encoding": "utf-8",
                "formatter": "standard"
            },
            "file_debug_handler": {
                "level": "DEBUG",
                "class": "logging.FileHandler",
                "filename": "user_debug.log",
                "maxBytes": 10485760,
                "backupCount": 10,
                "encoding": "utf-8",
                "formatter": "test"
            }
        },
        "loggers": {
            "logger1": {
                "handlers": ["console_debug_handler"],
                "level": "DEBUG",
                "propagate": false
            }
        }
        
    }

}